[{"model": "admin.logentry", "pk": 1, "fields": {"action_time": "2024-12-14T23:04:43.192Z", "user": 1, "content_type": 7, "object_id": "1", "object_repr": "г", "action_flag": 1, "change_message": "[{\"added\": {}}]"}}, {"model": "admin.logentry", "pk": 2, "fields": {"action_time": "2024-12-14T23:04:48.280Z", "user": 1, "content_type": 7, "object_id": "2", "object_repr": "кг", "action_flag": 1, "change_message": "[{\"added\": {}}]"}}, {"model": "admin.logentry", "pk": 3, "fields": {"action_time": "2024-12-14T23:04:58.927Z", "user": 1, "content_type": 7, "object_id": "3", "object_repr": "мл", "action_flag": 1, "change_message": "[{\"added\": {}}]"}}, {"model": "admin.logentry", "pk": 4, "fields": {"action_time": "2024-12-14T23:05:02.583Z", "user": 1, "content_type": 7, "object_id": "4", "object_repr": "л", "action_flag": 1, "change_message": "[{\"added\": {}}]"}}, {"model": "admin.logentry", "pk": 5, "fields": {"action_time": "2024-12-14T23:05:06.456Z", "user": 1, "content_type": 7, "object_id": "5", "object_repr": "шт", "action_flag": 1, "change_message": "[{\"added\": {}}]"}}, {"model": "admin.logentry", "pk": 6, "fields": {"action_time": "2024-12-14T23:36:32.488Z", "user": 1, "content_type": 8, "object_id": "1", "object_repr": "Завтрак", "action_flag": 1, "change_message": "[{\"added\": {}}]"}}, {"model": "admin.logentry", "pk": 7, "fields": {"action_time": "2024-12-14T23:36:45.816Z", "user": 1, "content_type": 8, "object_id": "2", "object_repr": "Обед", "action_flag": 1, "change_message": "[{\"added\": {}}]"}}, {"model": "admin.logentry", "pk": 8, "fields": {"action_time": "2024-12-14T23:36:51.393Z", "user": 1, "content_type": 8, "object_id": "3", "object_repr": "Ужин", "action_flag": 1, "change_message": "[{\"added\": {}}]"}}, {"model": "admin.logentry", "pk": 9, "fields": {"action_time": "2024-12-14T23:40:30.295Z", "user": 1, "content_type": 8, "object_id": "4", "object_repr": "Завтрак -> Быстрые и питательные завтраки", "action_flag": 1, "change_message": "[{\"added\": {}}]"}}, {"model": "admin.logentry", "pk": 10, "fields": {"action_time": "2024-12-14T23:40:59.698Z", "user": 1, "content_type": 8, "object_id": "5", "object_repr": "Завтрак -> Сытные и горячие завтраки", "action_flag": 1, "change_message": "[{\"added\": {}}]"}}, {"model": "admin.logentry", "pk": 11, "fields": {"action_time": "2024-12-14T23:41:20.519Z", "user": 1, "content_type": 8, "object_id": "6", "object_repr": "Завтрак -> Для любителей сладкого", "action_flag": 1, "change_message": "[{\"added\": {}}]"}}, {"model": "admin.logentry", "pk": 12, "fields": {"action_time": "2024-12-14T23:41:45.749Z", "user": 1, "content_type": 8, "object_id": "7", "object_repr": "Обед -> Супы", "action_flag": 1, "change_message": "[{\"added\": {}}]"}}, {"model": "admin.logentry", "pk": 13, "fields": {"action_time": "2024-12-14T23:42:09.688Z", "user": 1, "content_type": 8, "object_id": "8", "object_repr": "Обед -> Вторые блюда", "action_flag": 1, "change_message": "[{\"added\": {}}]"}}, {"model": "admin.logentry", "pk": 14, "fields": {"action_time": "2024-12-14T23:42:21.032Z", "user": 1, "content_type": 8, "object_id": "9", "object_repr": "Обед -> Гарниры", "action_flag": 1, "change_message": "[{\"added\": {}}]"}}, {"model": "admin.logentry", "pk": 15, "fields": {"action_time": "2024-12-14T23:42:37.870Z", "user": 1, "content_type": 8, "object_id": "10", "object_repr": "Ужин -> Салаты", "action_flag": 1, "change_message": "[{\"added\": {}}]"}}, {"model": "admin.logentry", "pk": 16, "fields": {"action_time": "2024-12-14T23:42:54.747Z", "user": 1, "content_type": 8, "object_id": "11", "object_repr": "Ужин -> Сытные ужины", "action_flag": 1, "change_message": "[{\"added\": {}}]"}}, {"model": "admin.logentry", "pk": 17, "fields": {"action_time": "2024-12-14T23:52:48.160Z", "user": 1, "content_type": 7, "object_id": "6", "object_repr": "ст. л", "action_flag": 1, "change_message": "[{\"added\": {}}]"}}, {"model": "admin.logentry", "pk": 18, "fields": {"action_time": "2024-12-14T23:53:18.926Z", "user": 1, "content_type": 7, "object_id": "7", "object_repr": "ч. л", "action_flag": 1, "change_message": "[{\"added\": {}}]"}}, {"model": "admin.logentry", "pk": 19, "fields": {"action_time": "2024-12-14T23:57:39.629Z", "user": 1, "content_type": 10, "object_id": "1", "object_repr": "Хлопья овсяные", "action_flag": 1, "change_message": "[{\"added\": {}}]"}}, {"model": "admin.logentry", "pk": 20, "fields": {"action_time": "2024-12-15T00:02:26.603Z", "user": 1, "content_type": 9, "object_id": "1", "object_repr": "Десертная ленивая овсянка", "action_flag": 1, "change_message": "[{\"added\": {}}, {\"added\": {\"name\": \"Recipe Ingredient\", \"object\": \"3 \\u0441\\u0442. \\u043b of \\u0425\\u043b\\u043e\\u043f\\u044c\\u044f \\u043e\\u0432\\u0441\\u044f\\u043d\\u044b\\u0435\"}}]"}}, {"model": "admin.logentry", "pk": 21, "fields": {"action_time": "2024-12-15T00:03:37.678Z", "user": 1, "content_type": 10, "object_id": "2", "object_repr": "Корица", "action_flag": 1, "change_message": "[{\"added\": {}}]"}}, {"model": "admin.logentry", "pk": 22, "fields": {"action_time": "2024-12-15T00:04:20.019Z", "user": 1, "content_type": 10, "object_id": "3", "object_repr": "Яблоко", "action_flag": 1, "change_message": "[{\"added\": {}}]"}}, {"model": "admin.logentry", "pk": 23, "fields": {"action_time": "2024-12-15T00:04:37.797Z", "user": 1, "content_type": 10, "object_id": "4", "object_repr": "Молоко", "action_flag": 1, "change_message": "[{\"added\": {}}]"}}, {"model": "admin.logentry", "pk": 24, "fields": {"action_time": "2024-12-15T00:04:59.077Z", "user": 1, "content_type": 10, "object_id": "5", "object_repr": "Финик", "action_flag": 1, "change_message": "[{\"added\": {}}]"}}, {"model": "admin.logentry", "pk": 25, "fields": {"action_time": "2024-12-15T00:05:25.456Z", "user": 1, "content_type": 10, "object_id": "6", "object_repr": "Сахар тростниковый", "action_flag": 1, "change_message": "[{\"added\": {}}]"}}, {"model": "admin.logentry", "pk": 26, "fields": {"action_time": "2024-12-15T00:05:30.671Z", "user": 1, "content_type": 9, "object_id": "1", "object_repr": "Десертная ленивая овсянка", "action_flag": 2, "change_message": "[{\"added\": {\"name\": \"Recipe Ingredient\", \"object\": \"1 \\u0447. \\u043b of \\u041a\\u043e\\u0440\\u0438\\u0446\\u0430\"}}, {\"added\": {\"name\": \"Recipe Ingredient\", \"object\": \"1 \\u0448\\u0442 of \\u042f\\u0431\\u043b\\u043e\\u043a\\u043e\"}}, {\"added\": {\"name\": \"Recipe Ingredient\", \"object\": \"180 \\u043c\\u043b of \\u041c\\u043e\\u043b\\u043e\\u043a\\u043e\"}}, {\"added\": {\"name\": \"Recipe Ingredient\", \"object\": \"3 \\u0448\\u0442 of \\u0424\\u0438\\u043d\\u0438\\u043a\"}}, {\"added\": {\"name\": \"Recipe Ingredient\", \"object\": \"3 \\u0441\\u0442. \\u043b of \\u0421\\u0430\\u0445\\u0430\\u0440 \\u0442\\u0440\\u043e\\u0441\\u0442\\u043d\\u0438\\u043a\\u043e\\u0432\\u044b\\u0439\"}}]"}}, {"model": "admin.logentry", "pk": 27, "fields": {"action_time": "2024-12-15T00:13:06.481Z", "user": 1, "content_type": 10, "object_id": "7", "object_repr": "Яйцо куриное", "action_flag": 1, "change_message": "[{\"added\": {}}]"}}, {"model": "admin.logentry", "pk": 28, "fields": {"action_time": "2024-12-15T00:14:31.142Z", "user": 1, "content_type": 10, "object_id": "8", "object_repr": "Соль", "action_flag": 1, "change_message": "[{\"added\": {}}]"}}, {"model": "admin.logentry", "pk": 29, "fields": {"action_time": "2024-12-15T00:14:39.073Z", "user": 1, "content_type": 9, "object_id": "2", "object_repr": "Омлет из детского сада", "action_flag": 1, "change_message": "[{\"added\": {}}, {\"added\": {\"name\": \"Recipe Ingredient\", \"object\": \"5 \\u0448\\u0442 of \\u042f\\u0439\\u0446\\u043e \\u043a\\u0443\\u0440\\u0438\\u043d\\u043e\\u0435\"}}, {\"added\": {\"name\": \"Recipe Ingredient\", \"object\": \"250 \\u043c\\u043b of \\u041c\\u043e\\u043b\\u043e\\u043a\\u043e\"}}, {\"added\": {\"name\": \"Recipe Ingredient\", \"object\": \"0.5 \\u0447. \\u043b of \\u0421\\u043e\\u043b\\u044c\"}}]"}}, {"model": "admin.logentry", "pk": 30, "fields": {"action_time": "2024-12-15T00:15:17.718Z", "user": 1, "content_type": 9, "object_id": "2", "object_repr": "Омлет из детского сада", "action_flag": 2, "change_message": "[{\"changed\": {\"fields\": [\"Category\"]}}]"}}, {"model": "admin.logentry", "pk": 31, "fields": {"action_time": "2025-02-06T19:13:18.707Z", "user": 1, "content_type": 10, "object_id": "9", "object_repr": "Сливки", "action_flag": 1, "change_message": "[{\"added\": {}}]"}}, {"model": "admin.logentry", "pk": 32, "fields": {"action_time": "2025-02-06T19:13:54.200Z", "user": 1, "content_type": 10, "object_id": "10", "object_repr": "Масло растительное", "action_flag": 1, "change_message": "[{\"added\": {}}]"}}, {"model": "admin.logentry", "pk": 33, "fields": {"action_time": "2025-02-06T19:14:35.086Z", "user": 1, "content_type": 10, "object_id": "11", "object_repr": "Чеснок", "action_flag": 1, "change_message": "[{\"added\": {}}]"}}, {"model": "admin.logentry", "pk": 34, "fields": {"action_time": "2025-02-06T19:15:03.936Z", "user": 1, "content_type": 10, "object_id": "12", "object_repr": "Репчатый лук", "action_flag": 1, "change_message": "[{\"added\": {}}]"}}, {"model": "admin.logentry", "pk": 35, "fields": {"action_time": "2025-02-06T19:15:57.339Z", "user": 1, "content_type": 10, "object_id": "13", "object_repr": "Картофель", "action_flag": 1, "change_message": "[{\"added\": {}}]"}}, {"model": "admin.logentry", "pk": 36, "fields": {"action_time": "2025-02-06T19:16:15.937Z", "user": 1, "content_type": 10, "object_id": "14", "object_repr": "Кабачек", "action_flag": 1, "change_message": "[{\"added\": {}}]"}}, {"model": "admin.logentry", "pk": 37, "fields": {"action_time": "2025-02-06T19:19:19.144Z", "user": 1, "content_type": 9, "object_id": "3", "object_repr": "Суп-пюре из кабачков", "action_flag": 1, "change_message": "[{\"added\": {}}, {\"added\": {\"name\": \"Recipe Ingredient\", \"object\": \"200 \\u043c\\u043b of \\u0421\\u043b\\u0438\\u0432\\u043a\\u0438\"}}, {\"added\": {\"name\": \"Recipe Ingredient\", \"object\": \"2 \\u0441\\u0442. \\u043b of \\u041c\\u0430\\u0441\\u043b\\u043e \\u0440\\u0430\\u0441\\u0442\\u0438\\u0442\\u0435\\u043b\\u044c\\u043d\\u043e\\u0435\"}}, {\"added\": {\"name\": \"Recipe Ingredient\", \"object\": \"2 \\u0448\\u0442 of \\u0427\\u0435\\u0441\\u043d\\u043e\\u043a\"}}, {\"added\": {\"name\": \"Recipe Ingredient\", \"object\": \"2 \\u0448\\u0442 of \\u0420\\u0435\\u043f\\u0447\\u0430\\u0442\\u044b\\u0439 \\u043b\\u0443\\u043a\"}}, {\"added\": {\"name\": \"Recipe Ingredient\", \"object\": \"3 \\u0448\\u0442 of \\u041a\\u0430\\u0440\\u0442\\u043e\\u0444\\u0435\\u043b\\u044c\"}}, {\"added\": {\"name\": \"Recipe Ingredient\", \"object\": \"2 \\u0448\\u0442 of \\u041a\\u0430\\u0431\\u0430\\u0447\\u0435\\u043a\"}}]"}}, {"model": "admin.logentry", "pk": 38, "fields": {"action_time": "2025-02-06T19:21:25.140Z", "user": 1, "content_type": 9, "object_id": "1", "object_repr": "Десертная ленивая овсянка", "action_flag": 2, "change_message": "[{\"changed\": {\"fields\": [\"Image\"]}}]"}}, {"model": "admin.logentry", "pk": 39, "fields": {"action_time": "2025-02-06T19:47:18.308Z", "user": 1, "content_type": 10, "object_id": "15", "object_repr": "Пшено", "action_flag": 1, "change_message": "[{\"added\": {}}]"}}, {"model": "admin.logentry", "pk": 40, "fields": {"action_time": "2025-02-06T19:47:53.318Z", "user": 1, "content_type": 10, "object_id": "16", "object_repr": "Укроп", "action_flag": 1, "change_message": "[{\"added\": {}}]"}}, {"model": "admin.logentry", "pk": 41, "fields": {"action_time": "2025-02-06T19:48:26.286Z", "user": 1, "content_type": 10, "object_id": "17", "object_repr": "Творог", "action_flag": 1, "change_message": "[{\"added\": {}}]"}}, {"model": "admin.logentry", "pk": 42, "fields": {"action_time": "2025-02-06T19:49:10.079Z", "user": 1, "content_type": 10, "object_id": "18", "object_repr": "Яйцо куриное", "action_flag": 1, "change_message": "[{\"added\": {}}]"}}, {"model": "admin.logentry", "pk": 43, "fields": {"action_time": "2025-02-06T19:49:22.231Z", "user": 1, "content_type": 10, "object_id": "19", "object_repr": "Панировка", "action_flag": 1, "change_message": "[{\"added\": {}}]"}}, {"model": "admin.logentry", "pk": 44, "fields": {"action_time": "2025-02-06T19:51:30.413Z", "user": 1, "content_type": 9, "object_id": "4", "object_repr": "Пшенные биточки с творогом", "action_flag": 1, "change_message": "[{\"added\": {}}, {\"added\": {\"name\": \"Recipe Ingredient\", \"object\": \"1 \\u0448\\u0442 of \\u041f\\u0448\\u0435\\u043d\\u043e\"}}, {\"added\": {\"name\": \"Recipe Ingredient\", \"object\": \"1 \\u0448\\u0442 of \\u0423\\u043a\\u0440\\u043e\\u043f\"}}, {\"added\": {\"name\": \"Recipe Ingredient\", \"object\": \"4 \\u0441\\u0442. \\u043b of \\u0422\\u0432\\u043e\\u0440\\u043e\\u0433\"}}, {\"added\": {\"name\": \"Recipe Ingredient\", \"object\": \"1 \\u0448\\u0442 of \\u042f\\u0439\\u0446\\u043e \\u043a\\u0443\\u0440\\u0438\\u043d\\u043e\\u0435\"}}, {\"added\": {\"name\": \"Recipe Ingredient\", \"object\": \"4 \\u0441\\u0442. \\u043b of \\u041f\\u0430\\u043d\\u0438\\u0440\\u043e\\u0432\\u043a\\u0430\"}}, {\"added\": {\"name\": \"Recipe Ingredient\", \"object\": \"2 \\u0441\\u0442. \\u043b of \\u041c\\u0430\\u0441\\u043b\\u043e \\u0440\\u0430\\u0441\\u0442\\u0438\\u0442\\u0435\\u043b\\u044c\\u043d\\u043e\\u0435\"}}]"}}, {"model": "admin.logentry", "pk": 45, "fields": {"action_time": "2025-02-06T20:00:58.787Z", "user": 1, "content_type": 10, "object_id": "20", "object_repr": "Рис", "action_flag": 1, "change_message": "[{\"added\": {}}]"}}, {"model": "admin.logentry", "pk": 46, "fields": {"action_time": "2025-02-06T20:01:35.384Z", "user": 1, "content_type": 10, "object_id": "21", "object_repr": "Вода", "action_flag": 1, "change_message": "[{\"added\": {}}]"}}, {"model": "admin.logentry", "pk": 47, "fields": {"action_time": "2025-02-06T20:02:19.122Z", "user": 1, "content_type": 10, "object_id": "22", "object_repr": "Масло сливочное", "action_flag": 1, "change_message": "[{\"added\": {}}]"}}, {"model": "admin.logentry", "pk": 48, "fields": {"action_time": "2025-02-06T22:14:14.287Z", "user": 1, "content_type": 9, "object_id": "5", "object_repr": "Гарнирный рис", "action_flag": 1, "change_message": "[{\"added\": {}}, {\"added\": {\"name\": \"Recipe Ingredient\", \"object\": \"300 \\u0433 of \\u0420\\u0438\\u0441\"}}, {\"added\": {\"name\": \"Recipe Ingredient\", \"object\": \"400 \\u043c\\u043b of \\u0412\\u043e\\u0434\\u0430\"}}, {\"added\": {\"name\": \"Recipe Ingredient\", \"object\": \"200 \\u0433 of \\u041c\\u0430\\u0441\\u043b\\u043e \\u0441\\u043b\\u0438\\u0432\\u043e\\u0447\\u043d\\u043e\\u0435\"}}, {\"added\": {\"name\": \"Recipe Ingredient\", \"object\": \"1 \\u0447. \\u043b of \\u0421\\u043e\\u043b\\u044c\"}}]"}}, {"model": "admin.logentry", "pk": 49, "fields": {"action_time": "2025-02-06T22:46:48.795Z", "user": 1, "content_type": 9, "object_id": "5", "object_repr": "Гарнирный рис", "action_flag": 2, "change_message": "[{\"changed\": {\"fields\": [\"Is archived\"]}}]"}}, {"model": "admin.logentry", "pk": 50, "fields": {"action_time": "2025-02-06T22:56:51.871Z", "user": 1, "content_type": 9, "object_id": "5", "object_repr": "Гарнирный рис", "action_flag": 2, "change_message": "[{\"changed\": {\"fields\": [\"Is archived\"]}}]"}}, {"model": "admin.logentry", "pk": 51, "fields": {"action_time": "2025-02-08T00:56:25.623Z", "user": 1, "content_type": 9, "object_id": "6", "object_repr": "Чипсы в микроволновке", "action_flag": 1, "change_message": "[{\"added\": {}}, {\"added\": {\"name\": \"Recipe Ingredient\", \"object\": \"4 \\u0448\\u0442 of \\u041a\\u0430\\u0440\\u0442\\u043e\\u0444\\u0435\\u043b\\u044c\"}}, {\"added\": {\"name\": \"Recipe Ingredient\", \"object\": \"1 \\u0447. \\u043b of \\u0421\\u043e\\u043b\\u044c\"}}]"}}, {"model": "admin.logentry", "pk": 52, "fields": {"action_time": "2025-02-08T01:37:37.699Z", "user": 1, "content_type": 9, "object_id": "6", "object_repr": "Чипсы в микроволновке", "action_flag": 2, "change_message": "[{\"changed\": {\"fields\": [\"Image\"]}}]"}}, {"model": "admin.logentry", "pk": 53, "fields": {"action_time": "2025-02-09T21:55:48.009Z", "user": 1, "content_type": 9, "object_id": "7", "object_repr": "Ленивые голубцы", "action_flag": 2, "change_message": "[{\"changed\": {\"fields\": [\"Is archived\"]}}]"}}, {"model": "admin.logentry", "pk": 54, "fields": {"action_time": "2025-02-09T22:35:50.244Z", "user": 1, "content_type": 9, "object_id": "7", "object_repr": "Ленивые голубцы", "action_flag": 2, "change_message": "[{\"added\": {\"name\": \"Recipe Ingredient\", \"object\": \"500 \\u0433 of \\u041a\\u0430\\u043f\\u0443\\u0441\\u0442\\u0430\"}}]"}}, {"model": "admin.logentry", "pk": 55, "fields": {"action_time": "2025-02-12T07:34:30.413Z", "user": 1, "content_type": 10, "object_id": "26", "object_repr": "Сметана", "action_flag": 1, "change_message": "[{\"added\": {}}]"}}, {"model": "admin.logentry", "pk": 56, "fields": {"action_time": "2025-02-12T07:34:36.548Z", "user": 1, "content_type": 9, "object_id": "7", "object_repr": "Ленивые голубцы", "action_flag": 2, "change_message": "[{\"added\": {\"name\": \"Recipe Ingredient\", \"object\": \"2 \\u0448\\u0442 of \\u0420\\u0435\\u043f\\u0447\\u0430\\u0442\\u044b\\u0439 \\u043b\\u0443\\u043a\"}}, {\"added\": {\"name\": \"Recipe Ingredient\", \"object\": \"400 \\u0433 of \\u0420\\u0438\\u0441\"}}, {\"added\": {\"name\": \"Recipe Ingredient\", \"object\": \"3 \\u0448\\u0442 of \\u042f\\u0439\\u0446\\u043e \\u043a\\u0443\\u0440\\u0438\\u043d\\u043e\\u0435\"}}, {\"added\": {\"name\": \"Recipe Ingredient\", \"object\": \"2 \\u0441\\u0442. \\u043b of \\u0421\\u043c\\u0435\\u0442\\u0430\\u043d\\u0430\"}}]"}}, {"model": "auth.permission", "pk": 1, "fields": {"name": "Can add log entry", "content_type": 1, "codename": "add_logentry"}}, {"model": "auth.permission", "pk": 2, "fields": {"name": "Can change log entry", "content_type": 1, "codename": "change_logentry"}}, {"model": "auth.permission", "pk": 3, "fields": {"name": "Can delete log entry", "content_type": 1, "codename": "delete_logentry"}}, {"model": "auth.permission", "pk": 4, "fields": {"name": "Can view log entry", "content_type": 1, "codename": "view_logentry"}}, {"model": "auth.permission", "pk": 5, "fields": {"name": "Can add permission", "content_type": 2, "codename": "add_permission"}}, {"model": "auth.permission", "pk": 6, "fields": {"name": "Can change permission", "content_type": 2, "codename": "change_permission"}}, {"model": "auth.permission", "pk": 7, "fields": {"name": "Can delete permission", "content_type": 2, "codename": "delete_permission"}}, {"model": "auth.permission", "pk": 8, "fields": {"name": "Can view permission", "content_type": 2, "codename": "view_permission"}}, {"model": "auth.permission", "pk": 9, "fields": {"name": "Can add group", "content_type": 3, "codename": "add_group"}}, {"model": "auth.permission", "pk": 10, "fields": {"name": "Can change group", "content_type": 3, "codename": "change_group"}}, {"model": "auth.permission", "pk": 11, "fields": {"name": "Can delete group", "content_type": 3, "codename": "delete_group"}}, {"model": "auth.permission", "pk": 12, "fields": {"name": "Can view group", "content_type": 3, "codename": "view_group"}}, {"model": "auth.permission", "pk": 13, "fields": {"name": "Can add user", "content_type": 4, "codename": "add_user"}}, {"model": "auth.permission", "pk": 14, "fields": {"name": "Can change user", "content_type": 4, "codename": "change_user"}}, {"model": "auth.permission", "pk": 15, "fields": {"name": "Can delete user", "content_type": 4, "codename": "delete_user"}}, {"model": "auth.permission", "pk": 16, "fields": {"name": "Can view user", "content_type": 4, "codename": "view_user"}}, {"model": "auth.permission", "pk": 17, "fields": {"name": "Can add content type", "content_type": 5, "codename": "add_contenttype"}}, {"model": "auth.permission", "pk": 18, "fields": {"name": "Can change content type", "content_type": 5, "codename": "change_contenttype"}}, {"model": "auth.permission", "pk": 19, "fields": {"name": "Can delete content type", "content_type": 5, "codename": "delete_contenttype"}}, {"model": "auth.permission", "pk": 20, "fields": {"name": "Can view content type", "content_type": 5, "codename": "view_contenttype"}}, {"model": "auth.permission", "pk": 21, "fields": {"name": "Can add session", "content_type": 6, "codename": "add_session"}}, {"model": "auth.permission", "pk": 22, "fields": {"name": "Can change session", "content_type": 6, "codename": "change_session"}}, {"model": "auth.permission", "pk": 23, "fields": {"name": "Can delete session", "content_type": 6, "codename": "delete_session"}}, {"model": "auth.permission", "pk": 24, "fields": {"name": "Can view session", "content_type": 6, "codename": "view_session"}}, {"model": "auth.permission", "pk": 25, "fields": {"name": "Can add Unit", "content_type": 7, "codename": "add_unit"}}, {"model": "auth.permission", "pk": 26, "fields": {"name": "Can change Unit", "content_type": 7, "codename": "change_unit"}}, {"model": "auth.permission", "pk": 27, "fields": {"name": "Can delete Unit", "content_type": 7, "codename": "delete_unit"}}, {"model": "auth.permission", "pk": 28, "fields": {"name": "Can view Unit", "content_type": 7, "codename": "view_unit"}}, {"model": "auth.permission", "pk": 29, "fields": {"name": "Can add Category", "content_type": 8, "codename": "add_category"}}, {"model": "auth.permission", "pk": 30, "fields": {"name": "Can change Category", "content_type": 8, "codename": "change_category"}}, {"model": "auth.permission", "pk": 31, "fields": {"name": "Can delete Category", "content_type": 8, "codename": "delete_category"}}, {"model": "auth.permission", "pk": 32, "fields": {"name": "Can view Category", "content_type": 8, "codename": "view_category"}}, {"model": "auth.permission", "pk": 33, "fields": {"name": "Can add Recipe", "content_type": 9, "codename": "add_recipe"}}, {"model": "auth.permission", "pk": 34, "fields": {"name": "Can change Recipe", "content_type": 9, "codename": "change_recipe"}}, {"model": "auth.permission", "pk": 35, "fields": {"name": "Can delete Recipe", "content_type": 9, "codename": "delete_recipe"}}, {"model": "auth.permission", "pk": 36, "fields": {"name": "Can view Recipe", "content_type": 9, "codename": "view_recipe"}}, {"model": "auth.permission", "pk": 37, "fields": {"name": "Can add Ingredient", "content_type": 10, "codename": "add_ingredient"}}, {"model": "auth.permission", "pk": 38, "fields": {"name": "Can change Ingredient", "content_type": 10, "codename": "change_ingredient"}}, {"model": "auth.permission", "pk": 39, "fields": {"name": "Can delete Ingredient", "content_type": 10, "codename": "delete_ingredient"}}, {"model": "auth.permission", "pk": 40, "fields": {"name": "Can view Ingredient", "content_type": 10, "codename": "view_ingredient"}}, {"model": "auth.permission", "pk": 41, "fields": {"name": "Can add Favorite Recipe", "content_type": 11, "codename": "add_favoriterecipe"}}, {"model": "auth.permission", "pk": 42, "fields": {"name": "Can change Favorite Recipe", "content_type": 11, "codename": "change_favoriterecipe"}}, {"model": "auth.permission", "pk": 43, "fields": {"name": "Can delete Favorite Recipe", "content_type": 11, "codename": "delete_favoriterecipe"}}, {"model": "auth.permission", "pk": 44, "fields": {"name": "Can view Favorite Recipe", "content_type": 11, "codename": "view_favoriterecipe"}}, {"model": "auth.permission", "pk": 45, "fields": {"name": "Can add Recipe Ingredient", "content_type": 12, "codename": "add_recipeingredient"}}, {"model": "auth.permission", "pk": 46, "fields": {"name": "Can change Recipe Ingredient", "content_type": 12, "codename": "change_recipeingredient"}}, {"model": "auth.permission", "pk": 47, "fields": {"name": "Can delete Recipe Ingredient", "content_type": 12, "codename": "delete_recipeingredient"}}, {"model": "auth.permission", "pk": 48, "fields": {"name": "Can view Recipe Ingredient", "content_type": 12, "codename": "view_recipeingredient"}}, {"model": "auth.user", "pk": 1, "fields": {"password": "pbkdf2_sha256$870000$ferq2M6MlSlxlP5YLG5RIG$r/bi5/X4vgVP0ilELnRVCytfXgLQBubyFXlu5unB3ns=", "last_login": "2025-02-10T21:20:24.263Z", "is_superuser": true, "username": "admin", "first_name": "", "last_name": "", "email": "", "is_staff": true, "is_active": true, "date_joined": "2024-12-14T23:03:29.898Z", "groups": [], "user_permissions": []}}, {"model": "auth.user", "pk": 2, "fields": {"password": "pbkdf2_sha256$870000$CISloVWEV02jYhPqNl9Dyc$BsyTdE9rFnVEh9am7JhZYh6j3Xi3HsUS09Vlj867blM=", "last_login": "2025-01-16T20:31:30.211Z", "is_superuser": false, "username": "djon2", "first_name": "", "last_name": "", "email": "", "is_staff": false, "is_active": true, "date_joined": "2025-01-16T20:21:57.872Z", "groups": [], "user_permissions": []}}, {"model": "auth.user", "pk": 3, "fields": {"password": "pbkdf2_sha256$870000$8oEnSGJuB35jXNcw9mIg8d$/8diyvr1gDxq+e1HAYptM/RlbjWII57m9UfeM8sBeAA=", "last_login": "2025-02-10T21:20:06.443Z", "is_superuser": false, "username": "Sem", "first_name": "", "last_name": "", "email": "", "is_staff": false, "is_active": true, "date_joined": "2025-02-10T21:17:51.888Z", "groups": [], "user_permissions": []}}, {"model": "contenttypes.contenttype", "pk": 1, "fields": {"app_label": "admin", "model": "logentry"}}, {"model": "contenttypes.contenttype", "pk": 2, "fields": {"app_label": "auth", "model": "permission"}}, {"model": "contenttypes.contenttype", "pk": 3, "fields": {"app_label": "auth", "model": "group"}}, {"model": "contenttypes.contenttype", "pk": 4, "fields": {"app_label": "auth", "model": "user"}}, {"model": "contenttypes.contenttype", "pk": 5, "fields": {"app_label": "contenttypes", "model": "contenttype"}}, {"model": "contenttypes.contenttype", "pk": 6, "fields": {"app_label": "sessions", "model": "session"}}, {"model": "contenttypes.contenttype", "pk": 7, "fields": {"app_label": "recipes", "model": "unit"}}, {"model": "contenttypes.contenttype", "pk": 8, "fields": {"app_label": "recipes", "model": "category"}}, {"model": "contenttypes.contenttype", "pk": 9, "fields": {"app_label": "recipes", "model": "recipe"}}, {"model": "contenttypes.contenttype", "pk": 10, "fields": {"app_label": "recipes", "model": "ingredient"}}, {"model": "contenttypes.contenttype", "pk": 11, "fields": {"app_label": "recipes", "model": "favoriterecipe"}}, {"model": "contenttypes.contenttype", "pk": 12, "fields": {"app_label": "recipes", "model": "recipeingredient"}}, {"model": "sessions.session", "pk": "0rgon2uqwx7wxh61a1pd9isonbv5jo3a", "fields": {"session_data": ".eJxVjMsOwiAQRf-FtSG8oS7d-w1kGAapGkhKuzL-uzbpQrf3nHNfLMK21rgNWuKc2ZlJdvrdEuCD2g7yHdqtc-xtXebEd4UfdPBrz_S8HO7fQYVRv7X3UlmnfQEtrVDoJw3GokkuYAkiaQwkCjlBk0UXLDiXvTEEKlEKXrH3B8HON34:1tMbB5:rdHGURGda8UFDfZRWeAjBuHyHzwtuAcmijzvtCjOmCQ", "expire_date": "2024-12-28T23:04:03.383Z"}}, {"model": "sessions.session", "pk": "5so3swloebgom58lawce7jw3uusa97lc", "fields": {"session_data": ".eJxVjMsOwiAQRf-FtSG8oS7d-w1kGAapGkhKuzL-uzbpQrf3nHNfLMK21rgNWuKc2ZlJdvrdEuCD2g7yHdqtc-xtXebEd4UfdPBrz_S8HO7fQYVRv7X3UlmnfQEtrVDoJw3GokkuYAkiaQwkCjlBk0UXLDiXvTEEKlEKXrH3B8HON34:1thbCa:CNfjxIa-ImsRfDqkCwJrs-CNulrrKyv56QSsslHnz-E", "expire_date": "2025-02-24T21:20:24.274Z"}}, {"model": "sessions.session", "pk": "g5oeofzk6ej16vzea5c7ts3hm88kfg5l", "fields": {"session_data": "e30:1thbA8:GIyRzG1ochUcIaimOBrQ1mKYW6r6THuwsHm5EzANUnQ", "expire_date": "2025-02-24T21:17:52.811Z"}}, {"model": "recipes.unit", "pk": 1, "fields": {"name": "г"}}, {"model": "recipes.unit", "pk": 2, "fields": {"name": "кг"}}, {"model": "recipes.unit", "pk": 3, "fields": {"name": "мл"}}, {"model": "recipes.unit", "pk": 4, "fields": {"name": "л"}}, {"model": "recipes.unit", "pk": 6, "fields": {"name": "ст. л"}}, {"model": "recipes.unit", "pk": 7, "fields": {"name": "ч. л"}}, {"model": "recipes.unit", "pk": 8, "fields": {"name": "шт"}}, {"model": "recipes.category", "pk": 1, "fields": {"name": "Завтрак", "parent": null}}, {"model": "recipes.category", "pk": 2, "fields": {"name": "Обед", "parent": null}}, {"model": "recipes.category", "pk": 3, "fields": {"name": "Ужин", "parent": null}}, {"model": "recipes.category", "pk": 4, "fields": {"name": "Быстрые и питательные завтраки", "parent": 1}}, {"model": "recipes.category", "pk": 5, "fields": {"name": "Сытные и горячие завтраки", "parent": 1}}, {"model": "recipes.category", "pk": 6, "fields": {"name": "Для любителей сладкого", "parent": 1}}, {"model": "recipes.category", "pk": 7, "fields": {"name": "Супы", "parent": 2}}, {"model": "recipes.category", "pk": 8, "fields": {"name": "Вторые блюда", "parent": 2}}, {"model": "recipes.category", "pk": 9, "fields": {"name": "Гарниры", "parent": 2}}, {"model": "recipes.category", "pk": 10, "fields": {"name": "Салаты", "parent": 3}}, {"model": "recipes.category", "pk": 11, "fields": {"name": "Сытные ужины", "parent": 3}}, {"model": "recipes.ingredient", "pk": 1, "fields": {"name": "Хлопья овсяные", "unit": 6}}, {"model": "recipes.ingredient", "pk": 2, "fields": {"name": "Корица", "unit": 7}}, {"model": "recipes.ingredient", "pk": 4, "fields": {"name": "Молоко", "unit": 3}}, {"model": "recipes.ingredient", "pk": 6, "fields": {"name": "Сахар тростниковый", "unit": 6}}, {"model": "recipes.ingredient", "pk": 8, "fields": {"name": "Соль", "unit": 7}}, {"model": "recipes.ingredient", "pk": 9, "fields": {"name": "Сливки", "unit": 3}}, {"model": "recipes.ingredient", "pk": 10, "fields": {"name": "Масло растительное", "unit": 6}}, {"model": "recipes.ingredient", "pk": 11, "fields": {"name": "Чеснок", "unit": 8}}, {"model": "recipes.ingredient", "pk": 12, "fields": {"name": "Репчатый лук", "unit": 8}}, {"model": "recipes.ingredient", "pk": 13, "fields": {"name": "Картофель", "unit": 8}}, {"model": "recipes.ingredient", "pk": 14, "fields": {"name": "Кабачек", "unit": 8}}, {"model": "recipes.ingredient", "pk": 15, "fields": {"name": "Пшено", "unit": 8}}, {"model": "recipes.ingredient", "pk": 16, "fields": {"name": "Укроп", "unit": 8}}, {"model": "recipes.ingredient", "pk": 17, "fields": {"name": "Творог", "unit": 6}}, {"model": "recipes.ingredient", "pk": 18, "fields": {"name": "Яйцо куриное", "unit": 8}}, {"model": "recipes.ingredient", "pk": 19, "fields": {"name": "Панировка", "unit": 6}}, {"model": "recipes.ingredient", "pk": 20, "fields": {"name": "Рис", "unit": 1}}, {"model": "recipes.ingredient", "pk": 21, "fields": {"name": "Вода", "unit": 3}}, {"model": "recipes.ingredient", "pk": 22, "fields": {"name": "Масло сливочное", "unit": 1}}, {"model": "recipes.ingredient", "pk": 23, "fields": {"name": "Фарш мясной", "unit": 1}}, {"model": "recipes.ingredient", "pk": 24, "fields": {"name": "Капуста", "unit": 1}}, {"model": "recipes.ingredient", "pk": 25, "fields": {"name": "Перец", "unit": 7}}, {"model": "recipes.ingredient", "pk": 26, "fields": {"name": "Сметана", "unit": 6}}, {"model": "recipes.recipe", "pk": 1, "fields": {"title": "Десертная ленивая овсянка", "description": "Если не все, то многие наслышаны о \"ленивой\" овсянке. Это замечательный способ приготовления завтрака. И полезно, и вкусно, и утром время на завтраке сэкономить можно. Я предлагаю Вам 3 варианта приготовления такой \"каши\". Честно говоря, язык не поворачивается назвать этой кашей, скорее десертом. Потому что вкус овсянки практически не ощущается. Итак, на Ваш выбор: нежный карамельно-яблочный, бодрящий кофейно-банановый и насыщенный вишнево-кокосовый завтрак. Они отличаются по консистенции и текстуре, а еще в каждом рецепте есть своя \"изюминка\", которая оттеняет вкус блюда.", "instructions": "Для предотвращения лишних вопросов пишу: Для всех рецептов овсяные хлопья настоятельно рекомендую обжарить на сухой сковороде до золотистого цвета и орехового аромата. Но это НЕ обязательно! Просто при таком обжаривании овсянка приобретает ореховый вкус, но этот шаг вполне можно пропустить. На счет количества сахара... Я указывала, как было в оригинальных рецептах. Вы же регулируйте количество по своему вкусу и предпочтению.\r\n\r\n\r\nКарамельно-яблочный завтрак. Яблоко очистить от кожуры и сердцевины и нарезать небольшими дольками. Яблоко посыпать сверху тростниковым сахаром и корицей.\r\n\r\n\r\nЗапечь в духовке при 200 градусах 10-15 минут или микроволновке при 800 Вт 3 минуты до мягкости. Яблоки получаются карамельными.\r\n\r\n\r\nСмешать овсяные хлопья, молоко, яблоки, молотый фенхель и финики, тщательно перемешать. Закрыть баночку крышкой и поставить в холодильник минимум на 3 часа, лучше всего на ночь.\r\n\r\n\r\nЗатем взбить блендером до однородного состояния и посыпать сверху корицей.", "cooking_time": 30, "preparation_time": 5, "difficulty": "easy", "servings": 1, "image": "recipes/images/Овсянка.jpeg", "created_at": "2024-12-15T00:02:26.599Z", "updated_at": "2025-02-06T19:21:25.123Z", "author": 1, "total_time": 35, "is_archived": false, "category": [6]}}, {"model": "recipes.recipe", "pk": 2, "fields": {"title": "Омлет из детского сада", "description": "Это омлет, о котором я могла только мечтать. Мне казалось, что приготовить детсадовский омлет в домашних условиях нереально. Но, оказывается, очень даже реально. Особенно, если рецептиком и секретами поделится повар", "instructions": "В глубокую миску вылить молоко.\r\n\r\nДобавить яйца и соль.\r\n\r\nХорошо размешать, не взбивая!!!\r\n\r\nФорму хорошо смазать сливочным маслом.\r\n\r\nПерелить полученную яично-молочную смесь в форму. Форму заполнять не более, чем на 2/3, так как омлет поднимется. И поставить в предварительно разогретую до 200 градусов духовку на 30 минут. Первые 15-20 минут духовку не открывать.\r\n\r\nГотовый омлет разрезать на порции. На горячий омлет выложить кусочек сливочного масла.", "cooking_time": 30, "preparation_time": 4, "difficulty": "easy", "servings": 1, "image": "recipes/images/омлет_из_детского_сада_9wnKWGJ.jpg", "created_at": "2024-12-15T00:14:39.070Z", "updated_at": "2025-01-25T21:24:43.520Z", "author": 1, "total_time": 34, "is_archived": false, "category": [1, 4]}}, {"model": "recipes.recipe", "pk": 3, "fields": {"title": "Суп-пюре из кабачков", "description": "Все, кому приходилось у меня впервые попробовать этот супчик, делали разные предположения, из чего же он приготовлен, большинство заявляло, что суп с грибами, но никто не мог представить, что суп из кабачков. Не верите? Очень рекомендую приготовить такой суп, угостить своe окружение и провести соцопрос.", "instructions": "1. Кабачки, картофель, морковь, лук почистили.\r\n2. В кастрюле разогрели растительное масло, обжарили раздавленный чеснок с луком.\r\nНарезали кабачки, картофель, морковь и отправили в кастрюлю.\r\n3. Помешивая, тушим минут 7.\r\n4. Добавляем куриный бульон и доводим до готовности овощей.\r\n5. Разогреваем сливки, у меня 20%\r\n6. Отлить бульон, отставить, а овощи взбить блендером до пюре.\r\n7. В кастрюлю с овощами добавляем горячие сливки и бульон до нужной консистенции, прогреваем, помешивая. Вот и всё.\r\nКастрюлю накрыть полотенцем, дать потомиться, настояться.\r\nТем временем поджарили гренки на сухой сковороде.\r\nОсталось разлить по тарелкам и восхищаться вкусным супчиком.", "cooking_time": 40, "preparation_time": 10, "difficulty": "medium", "servings": 1, "image": "recipes/images/Суп-пюре_из_кабачков.jpeg", "created_at": "2025-02-06T19:19:19.129Z", "updated_at": "2025-02-06T19:19:19.130Z", "author": 1, "total_time": 50, "is_archived": false, "category": [7]}}, {"model": "recipes.recipe", "pk": 4, "fields": {"title": "Пшенные биточки с творогом", "description": "Отличное блюдо на завтрак. Подавать можно со сметаной или йогуртом. Пшено можно отварить ещё с вечера, а утром все перемешали и быстренько приготовили вкуснейшие биточки.", "instructions": "1. В рецепте используем пшено золотое в пакетиках от Мистраль.\r\n2. Отвариваем пшено в подсоленной воде до готовности.\r\n3. Укроп мелко нарежем.\r\n4. К отваренному пшену добавляем творог, яйцо, укроп.\r\n5. Перемешиваем до однородной массы.\r\n6. Сформируем из полученной массы небольшие биточки.\r\n7. Обваляем биточки со всех сторон в панировочных сухарях.\r\n8. Обжариваем биточки на растительном масле с обеих сторон до золотистого цвета.", "cooking_time": 30, "preparation_time": 13, "difficulty": "medium", "servings": 1, "image": "recipes/images/биточки_с_творогом.jpg", "created_at": "2025-02-06T19:51:30.406Z", "updated_at": "2025-02-06T19:51:30.406Z", "author": 2, "total_time": 43, "is_archived": false, "category": [11]}}, {"model": "recipes.recipe", "pk": 5, "fields": {"title": "Гарнирный рис", "description": "Предлагаю Вашему вниманию необычный способ, благодаря которому быстро и просто приготовить рассыпчатый белый рис любого сорта, именно \"рисинка к рисинке\". Всего три минуты активного кипения, соль, сливочное масло, а дальше ваша кастрюля все сделает сама. Вам останется только подать к столу этот замечательный гарнир, каждая рисинка которого обволакивается маслом и переливается, как жемчужина. Это очень вкусно. В нашей семье рис по этому рецепту готовят много лет. Попробуйте и вы.", "instructions": "1. Насыпать рис в миску. Желательно использовать стеклянную, поскольку крахмал не прилипает к ее стенкам. Налить воды примерно в три раза больше объема риса. Руками хорошо помыть рис. Наклонить миску над раковиной и слить крахмалистую воду. Повторять этот процесс, пока вода не станет прозрачной. Я это делаю 7 - 10 раз.\r\n2. Залить рис холодной водой, прикрыть бумажной салфеткой и оставить на 1-2 часа, а можно и с утра до вечера или с вечера до утра. При этом рис размягчается и его необходимо варить намного меньше. Вследствие чего в нем сохраняется намного больше полезных веществ.\r\n3. Воду слить, еще раз хорошенько промыть рис и выложить его в кастрюлю, в которой вы будете его варить. Для данного способа варки подойдет любая посуда. Но желательно не использовать алюминиевую и эмалированную\r\n4. Залить 400 мл холодной воды.\r\n5. Довести до кипения и варить 3 минуты на сильном огне. Это очень важно: именно на сильном огне.\r\n6. Добавить соль и сливочное масло. Делать это необходимо именно на этом этапе.\r\n7. Закрыть крышку, снять кастрюлю с плиты. Пусть стоит полчаса, а рис доходит сам по себе. Накрывать и укутывать кастрюлю ничем не надо.\r\nВот такой красавец получается.", "cooking_time": 10, "preparation_time": 120, "difficulty": "easy", "servings": 1, "image": "recipes/images/Гарнирный_рис.jpg", "created_at": "2025-02-06T22:14:14.272Z", "updated_at": "2025-02-06T22:56:51.868Z", "author": 2, "total_time": 130, "is_archived": false, "category": [1]}}, {"model": "recipes.recipe", "pk": 6, "fields": {"title": "Чипсы в микроволновке", "description": "Чипсы БЕЗ МАСЛА И БЕЗ СОЛИ!!! Очень вкусно!!! Но, по желанию, можете добавить специи и соль. Вот не покупаю я своей доче чипсы, а она просит. Увидела этот рецепт и сразу опробовала, теперь заказ поступает почти каждый день! Радует то, что ребенку можно дать без опасений Да и самим похрустеть! И желательно употребить сразу же!", "instructions": "1. Вымойте картофель щеткой, а очищать от кожуры или нет, решайте сами.\r\nНарежьте кружками или дольками как можно тоньше - удобнее всего делать это слайсером или специальной теркой с держателем для продукта, которую повара называют \"мандолина\". (У меня была обычная овощечистка.)\r\n2. На бумагу для выпечки (пергамент) выложите в один слой ломтики картофеля.\r\nПо желанию можете посолить, добавить специи на ваш вкус!!!\r\nЯ готовила со специями и без - и ДАЖЕ БЕЗ СОЛИ очень вкусно!!!\r\n3. Включите микроволновку на мощность 700 Вт, готовьте 3-5 минут. Все зависит от вашей микроволновки!!!\r\nКак только увидите, что поверхность ломтиков стала слегка коричневой, сразу же вынимайте и перекладывайте на бумажные полотенца.\r\nНо не раньше, иначе чипсы не будут хрустеть.\r\nПовторяйте эту процедуру, пока не закончится картофель.\r\n\r\nПриятного аппетита Вам и Вашим деткам!!!", "cooking_time": 30, "preparation_time": 8, "difficulty": "easy", "servings": 1, "image": "recipes/images/Чипсы.jpg", "created_at": "2025-02-08T00:56:25.557Z", "updated_at": "2025-02-09T22:08:26.280Z", "author": 2, "total_time": 38, "is_archived": false, "category": [3]}}, {"model": "recipes.recipe", "pk": 7, "fields": {"title": "Ленивые голубцы", "description": "Ленивые голубцы — это упрощённая версия классических голубцов, которая готовится быстрее и проще. Основные ингредиенты: фарш (обычно свино-говяжий), рис, лук, морковь и капуста. Вместо заворачивания начинки в капустные листы, все компоненты смешиваются, формируются в котлетки или выкладываются в форму, а затем тушатся в томатном соусе или запекаются в духовке. Блюдо получается сытным, ароматным и идеально подходит для семейного ужина.", "instructions": "1. Отварить рис.\r\n2. Мелко нашинковать капусту, морковь и лук\r\n3. Морковь и лук обжарить на растительном масле\r\n4. Смешать рис, фарш, капусту, лук и морковь, сформировать шарики наподобие тефтелей\r\n5. Смешать в кастрюле томатную пасту «Помидорка» со сметаной, добавить воду и лавровой лист. Приправить солью, перцем, травами.\r\n6. Выложить голубцы в кастрюлю и тушить до готовности, время от времени поливая их соусом.", "cooking_time": 60, "preparation_time": 15, "difficulty": "hard", "servings": 1, "image": "recipes/images/Ленивые_голубцы.jpg", "created_at": "2025-02-09T20:41:07.509Z", "updated_at": "2025-02-12T07:34:36.488Z", "author": 1, "total_time": 75, "is_archived": false, "category": [2]}}, {"model": "recipes.recipeingredient", "pk": 1, "fields": {"recipe": 1, "ingredient": 1, "quantity": "3.00"}}, {"model": "recipes.recipeingredient", "pk": 2, "fields": {"recipe": 1, "ingredient": 2, "quantity": "1.00"}}, {"model": "recipes.recipeingredient", "pk": 4, "fields": {"recipe": 1, "ingredient": 4, "quantity": "180.00"}}, {"model": "recipes.recipeingredient", "pk": 6, "fields": {"recipe": 1, "ingredient": 6, "quantity": "3.00"}}, {"model": "recipes.recipeingredient", "pk": 8, "fields": {"recipe": 2, "ingredient": 4, "quantity": "250.00"}}, {"model": "recipes.recipeingredient", "pk": 9, "fields": {"recipe": 2, "ingredient": 8, "quantity": "0.50"}}, {"model": "recipes.recipeingredient", "pk": 10, "fields": {"recipe": 3, "ingredient": 9, "quantity": "200.00"}}, {"model": "recipes.recipeingredient", "pk": 11, "fields": {"recipe": 3, "ingredient": 10, "quantity": "2.00"}}, {"model": "recipes.recipeingredient", "pk": 12, "fields": {"recipe": 3, "ingredient": 11, "quantity": "2.00"}}, {"model": "recipes.recipeingredient", "pk": 13, "fields": {"recipe": 3, "ingredient": 12, "quantity": "2.00"}}, {"model": "recipes.recipeingredient", "pk": 14, "fields": {"recipe": 3, "ingredient": 13, "quantity": "3.00"}}, {"model": "recipes.recipeingredient", "pk": 15, "fields": {"recipe": 3, "ingredient": 14, "quantity": "2.00"}}, {"model": "recipes.recipeingredient", "pk": 16, "fields": {"recipe": 4, "ingredient": 15, "quantity": "1.00"}}, {"model": "recipes.recipeingredient", "pk": 17, "fields": {"recipe": 4, "ingredient": 16, "quantity": "1.00"}}, {"model": "recipes.recipeingredient", "pk": 18, "fields": {"recipe": 4, "ingredient": 17, "quantity": "4.00"}}, {"model": "recipes.recipeingredient", "pk": 19, "fields": {"recipe": 4, "ingredient": 18, "quantity": "1.00"}}, {"model": "recipes.recipeingredient", "pk": 20, "fields": {"recipe": 4, "ingredient": 19, "quantity": "4.00"}}, {"model": "recipes.recipeingredient", "pk": 21, "fields": {"recipe": 4, "ingredient": 10, "quantity": "2.00"}}, {"model": "recipes.recipeingredient", "pk": 22, "fields": {"recipe": 5, "ingredient": 20, "quantity": "300.00"}}, {"model": "recipes.recipeingredient", "pk": 23, "fields": {"recipe": 5, "ingredient": 21, "quantity": "400.00"}}, {"model": "recipes.recipeingredient", "pk": 24, "fields": {"recipe": 5, "ingredient": 22, "quantity": "200.00"}}, {"model": "recipes.recipeingredient", "pk": 25, "fields": {"recipe": 5, "ingredient": 8, "quantity": "1.00"}}, {"model": "recipes.recipeingredient", "pk": 26, "fields": {"recipe": 6, "ingredient": 13, "quantity": "4.00"}}, {"model": "recipes.recipeingredient", "pk": 27, "fields": {"recipe": 6, "ingredient": 8, "quantity": "1.00"}}, {"model": "recipes.recipeingredient", "pk": 28, "fields": {"recipe": 7, "ingredient": 23, "quantity": "500.00"}}, {"model": "recipes.recipeingredient", "pk": 29, "fields": {"recipe": 7, "ingredient": 24, "quantity": "500.00"}}, {"model": "recipes.recipeingredient", "pk": 30, "fields": {"recipe": 7, "ingredient": 12, "quantity": "2.00"}}, {"model": "recipes.recipeingredient", "pk": 31, "fields": {"recipe": 7, "ingredient": 20, "quantity": "400.00"}}, {"model": "recipes.recipeingredient", "pk": 32, "fields": {"recipe": 7, "ingredient": 18, "quantity": "3.00"}}, {"model": "recipes.recipeingredient", "pk": 33, "fields": {"recipe": 7, "ingredient": 26, "quantity": "2.00"}}]